Domain Code,Domain,Area Code (M49),Area,Element Code,Element,Item Code,Item,Year Code,Year,Source Code,Source,Unit,Value,Flag,Flag Description,Note
"GT","Emissions totals","356","India","724313","Emissions (CO2eq) from N2O (AR5)","5064","Crop Residues","2018","2018","3050","FAO TIER 1","kt","22645.0185","E","Estimated value",""
"GT","Emissions totals","356","India","723113","Emissions (CO2eq) (AR5)","5064","Crop Residues","2018","2018","3050","FAO TIER 1","kt","22645.0185","E","Estimated value",""
"GT","Emissions totals","356","India","724313","Emissions (CO2eq) from N2O (AR5)","5064","Crop Residues","2019","2019","3050","FAO TIER 1","kt","22760.161","E","Estimated value",""
"GT","Emissions totals","356","India","723113","Emissions (CO2eq) (AR5)","5064","Crop Residues","2019","2019","3050","FAO TIER 1","kt","22760.161","E","Estimated value",""
"GT","Emissions totals","356","India","724313","Emissions (CO2eq) from N2O (AR5)","5064","Crop Residues","2020","2020","3050","FAO TIER 1","kt","23823.4735","E","Estimated value",""
"GT","Emissions totals","356","India","723113","Emissions (CO2eq) (AR5)","5064","Crop Residues","2020","2020","3050","FAO TIER 1","kt","23823.4735","E","Estimated value",""
"GT","Emissions totals","356","India","724313","Emissions (CO2eq) from N2O (AR5)","5064","Crop Residues","2021","2021","3050","FAO TIER 1","kt","24641.025","E","Estimated value",""
"GT","Emissions totals","356","India","723113","Emissions (CO2eq) (AR5)","5064","Crop Residues","2021","2021","3050","FAO TIER 1","kt","24641.025","E","Estimated value",""
"GT","Emissions totals","356","India","724313","Emissions (CO2eq) from N2O (AR5)","5064","Crop Residues","2022","2022","3050","FAO TIER 1","kt","24571.6745","E","Estimated value",""
"GT","Emissions totals","356","India","723113","Emissions (CO2eq) (AR5)","5064","Crop Residues","2022","2022","3050","FAO TIER 1","kt","24571.6745","E","Estimated value",""
"GT","Emissions totals","356","India","724413","Emissions (CO2eq) from CH4 (AR5)","5060","Rice Cultivation","2018","2018","3050","FAO TIER 1","kt","130512.3064","E","Estimated value",""
"GT","Emissions totals","356","India","723113","Emissions (CO2eq) (AR5)","5060","Rice Cultivation","2018","2018","3050","FAO TIER 1","kt","130512.3064","E","Estimated value",""
"GT","Emissions totals","356","India","724413","Emissions (CO2eq) from CH4 (AR5)","5060","Rice Cultivation","2019","2019","3050","FAO TIER 1","kt","129051.7872","E","Estimated value",""
"GT","Emissions totals","356","India","723113","Emissions (CO2eq) (AR5)","5060","Rice Cultivation","2019","2019","3050","FAO TIER 1","kt","129051.7872","E","Estimated value",""
"GT","Emissions totals","356","India","724413","Emissions (CO2eq) from CH4 (AR5)","5060","Rice Cultivation","2020","2020","3050","FAO TIER 1","kt","135277.6012","E","Estimated value",""
"GT","Emissions totals","356","India","723113","Emissions (CO2eq) (AR5)","5060","Rice Cultivation","2020","2020","3050","FAO TIER 1","kt","135277.6012","E","Estimated value",""
"GT","Emissions totals","356","India","724413","Emissions (CO2eq) from CH4 (AR5)","5060","Rice Cultivation","2021","2021","3050","FAO TIER 1","kt","136784.97","E","Estimated value",""
"GT","Emissions totals","356","India","723113","Emissions (CO2eq) (AR5)","5060","Rice Cultivation","2021","2021","3050","FAO TIER 1","kt","136784.97","E","Estimated value",""
"GT","Emissions totals","356","India","724413","Emissions (CO2eq) from CH4 (AR5)","5060","Rice Cultivation","2022","2022","3050","FAO TIER 1","kt","137143.552","E","Estimated value",""
"GT","Emissions totals","356","India","723113","Emissions (CO2eq) (AR5)","5060","Rice Cultivation","2022","2022","3050","FAO TIER 1","kt","137143.552","E","Estimated value",""
"GT","Emissions totals","356","India","724413","Emissions (CO2eq) from CH4 (AR5)","5066","Burning - Crop residues","2018","2018","3050","FAO TIER 1","kt","3674.5716","E","Estimated value",""
"GT","Emissions totals","356","India","724313","Emissions (CO2eq) from N2O (AR5)","5066","Burning - Crop residues","2018","2018","3050","FAO TIER 1","kt","901.636","E","Estimated value",""
"GT","Emissions totals","356","India","723113","Emissions (CO2eq) (AR5)","5066","Burning - Crop residues","2018","2018","3050","FAO TIER 1","kt","4576.2076","E","Estimated value",""
"GT","Emissions totals","356","India","724413","Emissions (CO2eq) from CH4 (AR5)","5066","Burning - Crop residues","2019","2019","3050","FAO TIER 1","kt","3633.2324","E","Estimated value",""
"GT","Emissions totals","356","India","724313","Emissions (CO2eq) from N2O (AR5)","5066","Burning - Crop residues","2019","2019","3050","FAO TIER 1","kt","891.4865","E","Estimated value",""
"GT","Emissions totals","356","India","723113","Emissions (CO2eq) (AR5)","5066","Burning - Crop residues","2019","2019","3050","FAO TIER 1","kt","4524.7189","E","Estimated value",""
"GT","Emissions totals","356","India","724413","Emissions (CO2eq) from CH4 (AR5)","5066","Burning - Crop residues","2020","2020","3050","FAO TIER 1","kt","3800.8964","E","Estimated value",""
"GT","Emissions totals","356","India","724313","Emissions (CO2eq) from N2O (AR5)","5066","Burning - Crop residues","2020","2020","3050","FAO TIER 1","kt","932.6145","E","Estimated value",""
"GT","Emissions totals","356","India","723113","Emissions (CO2eq) (AR5)","5066","Burning - Crop residues","2020","2020","3050","FAO TIER 1","kt","4733.5109","E","Estimated value",""
"GT","Emissions totals","356","India","724413","Emissions (CO2eq) from CH4 (AR5)","5066","Burning - Crop residues","2021","2021","3050","FAO TIER 1","kt","3851.7136","E","Estimated value",""
"GT","Emissions totals","356","India","724313","Emissions (CO2eq) from N2O (AR5)","5066","Burning - Crop residues","2021","2021","3050","FAO TIER 1","kt","945.096","E","Estimated value",""
"GT","Emissions totals","356","India","723113","Emissions (CO2eq) (AR5)","5066","Burning - Crop residues","2021","2021","3050","FAO TIER 1","kt","4796.8096","E","Estimated value",""
"GT","Emissions totals","356","India","724413","Emissions (CO2eq) from CH4 (AR5)","5066","Burning - Crop residues","2022","2022","3050","FAO TIER 1","kt","3857.518","E","Estimated value",""
"GT","Emissions totals","356","India","724313","Emissions (CO2eq) from N2O (AR5)","5066","Burning - Crop residues","2022","2022","3050","FAO TIER 1","kt","946.527","E","Estimated value",""
"GT","Emissions totals","356","India","723113","Emissions (CO2eq) (AR5)","5066","Burning - Crop residues","2022","2022","3050","FAO TIER 1","kt","4804.045","E","Estimated value",""
"GT","Emissions totals","356","India","724413","Emissions (CO2eq) from CH4 (AR5)","5058","Enteric Fermentation","2018","2018","3050","FAO TIER 1","kt","392097.7788","E","Estimated value",""
"GT","Emissions totals","356","India","723113","Emissions (CO2eq) (AR5)","5058","Enteric Fermentation","2018","2018","3050","FAO TIER 1","kt","392097.7788","E","Estimated value",""
"GT","Emissions totals","356","India","724413","Emissions (CO2eq) from CH4 (AR5)","5058","Enteric Fermentation","2019","2019","3050","FAO TIER 1","kt","394693.0456","E","Estimated value",""
"GT","Emissions totals","356","India","723113","Emissions (CO2eq) (AR5)","5058","Enteric Fermentation","2019","2019","3050","FAO TIER 1","kt","394693.0456","E","Estimated value",""
"GT","Emissions totals","356","India","724413","Emissions (CO2eq) from CH4 (AR5)","5058","Enteric Fermentation","2020","2020","3050","FAO TIER 1","kt","398700.148","E","Estimated value",""
"GT","Emissions totals","356","India","723113","Emissions (CO2eq) (AR5)","5058","Enteric Fermentation","2020","2020","3050","FAO TIER 1","kt","398700.148","E","Estimated value",""
"GT","Emissions totals","356","India","724413","Emissions (CO2eq) from CH4 (AR5)","5058","Enteric Fermentation","2021","2021","3050","FAO TIER 1","kt","397470.472","E","Estimated value",""
"GT","Emissions totals","356","India","723113","Emissions (CO2eq) (AR5)","5058","Enteric Fermentation","2021","2021","3050","FAO TIER 1","kt","397470.472","E","Estimated value",""
"GT","Emissions totals","356","India","724413","Emissions (CO2eq) from CH4 (AR5)","5058","Enteric Fermentation","2022","2022","3050","FAO TIER 1","kt","399159.3704","E","Estimated value",""
"GT","Emissions totals","356","India","723113","Emissions (CO2eq) (AR5)","5058","Enteric Fermentation","2022","2022","3050","FAO TIER 1","kt","399159.3704","E","Estimated value",""
"GT","Emissions totals","356","India","724413","Emissions (CO2eq) from CH4 (AR5)","5059","Manure Management","2018","2018","3050","FAO TIER 1","kt","33495.7784","E","Estimated value",""
"GT","Emissions totals","356","India","724313","Emissions (CO2eq) from N2O (AR5)","5059","Manure Management","2018","2018","3050","FAO TIER 1","kt","3600.4225","E","Estimated value",""
"GT","Emissions totals","356","India","723113","Emissions (CO2eq) (AR5)","5059","Manure Management","2018","2018","3050","FAO TIER 1","kt","37096.2009","E","Estimated value",""
"GT","Emissions totals","356","India","724413","Emissions (CO2eq) from CH4 (AR5)","5059","Manure Management","2019","2019","3050","FAO TIER 1","kt","33672.4724","E","Estimated value",""
"GT","Emissions totals","356","India","724313","Emissions (CO2eq) from N2O (AR5)","5059","Manure Management","2019","2019","3050","FAO TIER 1","kt","3635.4555","E","Estimated value",""
"GT","Emissions totals","356","India","723113","Emissions (CO2eq) (AR5)","5059","Manure Management","2019","2019","3050","FAO TIER 1","kt","37307.9279","E","Estimated value",""
"GT","Emissions totals","356","India","724413","Emissions (CO2eq) from CH4 (AR5)","5059","Manure Management","2020","2020","3050","FAO TIER 1","kt","33987.1756","E","Estimated value",""
"GT","Emissions totals","356","India","724313","Emissions (CO2eq) from N2O (AR5)","5059","Manure Management","2020","2020","3050","FAO TIER 1","kt","3656.4965","E","Estimated value",""
"GT","Emissions totals","356","India","723113","Emissions (CO2eq) (AR5)","5059","Manure Management","2020","2020","3050","FAO TIER 1","kt","37643.6721","E","Estimated value",""
"GT","Emissions totals","356","India","724413","Emissions (CO2eq) from CH4 (AR5)","5059","Manure Management","2021","2021","3050","FAO TIER 1","kt","33897.6316","E","Estimated value",""
"GT","Emissions totals","356","India","724313","Emissions (CO2eq) from N2O (AR5)","5059","Manure Management","2021","2021","3050","FAO TIER 1","kt","3670.3295","E","Estimated value",""
"GT","Emissions totals","356","India","723113","Emissions (CO2eq) (AR5)","5059","Manure Management","2021","2021","3050","FAO TIER 1","kt","37567.9611","E","Estimated value",""
"GT","Emissions totals","356","India","724413","Emissions (CO2eq) from CH4 (AR5)","5059","Manure Management","2022","2022","3050","FAO TIER 1","kt","34018.138","E","Estimated value",""
"GT","Emissions totals","356","India","724313","Emissions (CO2eq) from N2O (AR5)","5059","Manure Management","2022","2022","3050","FAO TIER 1","kt","3663.1215","E","Estimated value",""
"GT","Emissions totals","356","India","723113","Emissions (CO2eq) (AR5)","5059","Manure Management","2022","2022","3050","FAO TIER 1","kt","37681.2595","E","Estimated value",""
"GT","Emissions totals","356","India","724313","Emissions (CO2eq) from N2O (AR5)","5063","Manure left on Pasture","2018","2018","3050","FAO TIER 1","kt","58956.723","E","Estimated value",""
"GT","Emissions totals","356","India","723113","Emissions (CO2eq) (AR5)","5063","Manure left on Pasture","2018","2018","3050","FAO TIER 1","kt","58956.723","E","Estimated value",""
"GT","Emissions totals","356","India","724313","Emissions (CO2eq) from N2O (AR5)","5063","Manure left on Pasture","2019","2019","3050","FAO TIER 1","kt","59648.85","E","Estimated value",""
"GT","Emissions totals","356","India","723113","Emissions (CO2eq) (AR5)","5063","Manure left on Pasture","2019","2019","3050","FAO TIER 1","kt","59648.85","E","Estimated value",""
"GT","Emissions totals","356","India","724313","Emissions (CO2eq) from N2O (AR5)","5063","Manure left on Pasture","2020","2020","3050","FAO TIER 1","kt","60597.7885","E","Estimated value",""
"GT","Emissions totals","356","India","723113","Emissions (CO2eq) (AR5)","5063","Manure left on Pasture","2020","2020","3050","FAO TIER 1","kt","60597.7885","E","Estimated value",""
"GT","Emissions totals","356","India","724313","Emissions (CO2eq) from N2O (AR5)","5063","Manure left on Pasture","2021","2021","3050","FAO TIER 1","kt","60115.9655","E","Estimated value",""
"GT","Emissions totals","356","India","723113","Emissions (CO2eq) (AR5)","5063","Manure left on Pasture","2021","2021","3050","FAO TIER 1","kt","60115.9655","E","Estimated value",""
"GT","Emissions totals","356","India","724313","Emissions (CO2eq) from N2O (AR5)","5063","Manure left on Pasture","2022","2022","3050","FAO TIER 1","kt","60361.1435","E","Estimated value",""
"GT","Emissions totals","356","India","723113","Emissions (CO2eq) (AR5)","5063","Manure left on Pasture","2022","2022","3050","FAO TIER 1","kt","60361.1435","E","Estimated value",""
"GT","Emissions totals","356","India","724313","Emissions (CO2eq) from N2O (AR5)","5062","Manure applied to Soils","2018","2018","3050","FAO TIER 1","kt","13641.829","E","Estimated value",""
"GT","Emissions totals","356","India","723113","Emissions (CO2eq) (AR5)","5062","Manure applied to Soils","2018","2018","3050","FAO TIER 1","kt","13641.829","E","Estimated value",""
"GT","Emissions totals","356","India","724313","Emissions (CO2eq) from N2O (AR5)","5062","Manure applied to Soils","2019","2019","3050","FAO TIER 1","kt","13797.066","E","Estimated value",""
"GT","Emissions totals","356","India","723113","Emissions (CO2eq) (AR5)","5062","Manure applied to Soils","2019","2019","3050","FAO TIER 1","kt","13797.066","E","Estimated value",""
"GT","Emissions totals","356","India","724313","Emissions (CO2eq) from N2O (AR5)","5062","Manure applied to Soils","2020","2020","3050","FAO TIER 1","kt","13960.9155","E","Estimated value",""
"GT","Emissions totals","356","India","723113","Emissions (CO2eq) (AR5)","5062","Manure applied to Soils","2020","2020","3050","FAO TIER 1","kt","13960.9155","E","Estimated value",""
"GT","Emissions totals","356","India","724313","Emissions (CO2eq) from N2O (AR5)","5062","Manure applied to Soils","2021","2021","3050","FAO TIER 1","kt","13941.6235","E","Estimated value",""
"GT","Emissions totals","356","India","723113","Emissions (CO2eq) (AR5)","5062","Manure applied to Soils","2021","2021","3050","FAO TIER 1","kt","13941.6235","E","Estimated value",""
"GT","Emissions totals","356","India","724313","Emissions (CO2eq) from N2O (AR5)","5062","Manure applied to Soils","2022","2022","3050","FAO TIER 1","kt","13953.999","E","Estimated value",""
"GT","Emissions totals","356","India","723113","Emissions (CO2eq) (AR5)","5062","Manure applied to Soils","2022","2022","3050","FAO TIER 1","kt","13953.999","E","Estimated value",""
"GT","Emissions totals","356","India","724313","Emissions (CO2eq) from N2O (AR5)","5061","Synthetic Fertilizers","2018","2018","3050","FAO TIER 1","kt","97266.7395","E","Estimated value",""
"GT","Emissions totals","356","India","723113","Emissions (CO2eq) (AR5)","5061","Synthetic Fertilizers","2018","2018","3050","FAO TIER 1","kt","97266.7395","E","Estimated value",""
"GT","Emissions totals","356","India","724313","Emissions (CO2eq) from N2O (AR5)","5061","Synthetic Fertilizers","2019","2019","3050","FAO TIER 1","kt","104084.9245","E","Estimated value",""
"GT","Emissions totals","356","India","723113","Emissions (CO2eq) (AR5)","5061","Synthetic Fertilizers","2019","2019","3050","FAO TIER 1","kt","104084.9245","E","Estimated value",""
"GT","Emissions totals","356","India","724313","Emissions (CO2eq) from N2O (AR5)","5061","Synthetic Fertilizers","2020","2020","3050","FAO TIER 1","kt","112582.706","E","Estimated value",""
"GT","Emissions totals","356","India","723113","Emissions (CO2eq) (AR5)","5061","Synthetic Fertilizers","2020","2020","3050","FAO TIER 1","kt","112582.706","E","Estimated value",""
"GT","Emissions totals","356","India","724313","Emissions (CO2eq) from N2O (AR5)","5061","Synthetic Fertilizers","2021","2021","3050","FAO TIER 1","kt","107530.163","E","Estimated value",""
"GT","Emissions totals","356","India","723113","Emissions (CO2eq) (AR5)","5061","Synthetic Fertilizers","2021","2021","3050","FAO TIER 1","kt","107530.163","E","Estimated value",""
"GT","Emissions totals","356","India","724313","Emissions (CO2eq) from N2O (AR5)","5061","Synthetic Fertilizers","2022","2022","3050","FAO TIER 1","kt","111491.86","E","Estimated value",""
"GT","Emissions totals","356","India","723113","Emissions (CO2eq) (AR5)","5061","Synthetic Fertilizers","2022","2022","3050","FAO TIER 1","kt","111491.86","E","Estimated value",""
"GT","Emissions totals","356","India","723113","Emissions (CO2eq) (AR5)","6729","Drained organic soils","2018","2018","3050","FAO TIER 1","kt","5152.2038","E","Estimated value",""
"GT","Emissions totals","356","India","723113","Emissions (CO2eq) (AR5)","6729","Drained organic soils","2019","2019","3050","FAO TIER 1","kt","5110.4798","E","Estimated value",""
"GT","Emissions totals","356","India","723113","Emissions (CO2eq) (AR5)","6729","Drained organic soils","2020","2020","3050","FAO TIER 1","kt","5106.5255","E","Estimated value",""
"GT","Emissions totals","356","India","723113","Emissions (CO2eq) (AR5)","6729","Drained organic soils","2021","2021","3050","FAO TIER 1","kt","5105.8446","E","Estimated value",""
"GT","Emissions totals","356","India","723113","Emissions (CO2eq) (AR5)","6729","Drained organic soils","2022","2022","3050","FAO TIER 1","kt","5103.5278","E","Estimated value",""
"GT","Emissions totals","356","India","7273","Emissions (CO2)","67292","Drained organic soils (CO2)","2018","2018","3050","FAO TIER 1","kt","4946.1663","E","Estimated value",""
"GT","Emissions totals","356","India","723113","Emissions (CO2eq) (AR5)","67292","Drained organic soils (CO2)","2018","2018","3050","FAO TIER 1","kt","4946.1663","E","Estimated value",""
"GT","Emissions totals","356","India","7273","Emissions (CO2)","67292","Drained organic soils (CO2)","2019","2019","3050","FAO TIER 1","kt","4906.0323","E","Estimated value",""
"GT","Emissions totals","356","India","723113","Emissions (CO2eq) (AR5)","67292","Drained organic soils (CO2)","2019","2019","3050","FAO TIER 1","kt","4906.0323","E","Estimated value",""
"GT","Emissions totals","356","India","7273","Emissions (CO2)","67292","Drained organic soils (CO2)","2020","2020","3050","FAO TIER 1","kt","4902.237","E","Estimated value",""
"GT","Emissions totals","356","India","723113","Emissions (CO2eq) (AR5)","67292","Drained organic soils (CO2)","2020","2020","3050","FAO TIER 1","kt","4902.237","E","Estimated value",""
"GT","Emissions totals","356","India","7273","Emissions (CO2)","67292","Drained organic soils (CO2)","2021","2021","3050","FAO TIER 1","kt","4901.5826","E","Estimated value",""
"GT","Emissions totals","356","India","723113","Emissions (CO2eq) (AR5)","67292","Drained organic soils (CO2)","2021","2021","3050","FAO TIER 1","kt","4901.5826","E","Estimated value",""
"GT","Emissions totals","356","India","7273","Emissions (CO2)","67292","Drained organic soils (CO2)","2022","2022","3050","FAO TIER 1","kt","4899.3718","E","Estimated value",""
"GT","Emissions totals","356","India","723113","Emissions (CO2eq) (AR5)","67292","Drained organic soils (CO2)","2022","2022","3050","FAO TIER 1","kt","4899.3718","E","Estimated value",""
"GT","Emissions totals","356","India","724313","Emissions (CO2eq) from N2O (AR5)","67291","Drained organic soils (N2O)","2018","2018","3050","FAO TIER 1","kt","206.0375","E","Estimated value",""
"GT","Emissions totals","356","India","723113","Emissions (CO2eq) (AR5)","67291","Drained organic soils (N2O)","2018","2018","3050","FAO TIER 1","kt","206.0375","E","Estimated value",""
"GT","Emissions totals","356","India","724313","Emissions (CO2eq) from N2O (AR5)","67291","Drained organic soils (N2O)","2019","2019","3050","FAO TIER 1","kt","204.4475","E","Estimated value",""
"GT","Emissions totals","356","India","723113","Emissions (CO2eq) (AR5)","67291","Drained organic soils (N2O)","2019","2019","3050","FAO TIER 1","kt","204.4475","E","Estimated value",""
"GT","Emissions totals","356","India","724313","Emissions (CO2eq) from N2O (AR5)","67291","Drained organic soils (N2O)","2020","2020","3050","FAO TIER 1","kt","204.2885","E","Estimated value",""
"GT","Emissions totals","356","India","723113","Emissions (CO2eq) (AR5)","67291","Drained organic soils (N2O)","2020","2020","3050","FAO TIER 1","kt","204.2885","E","Estimated value",""
"GT","Emissions totals","356","India","724313","Emissions (CO2eq) from N2O (AR5)","67291","Drained organic soils (N2O)","2021","2021","3050","FAO TIER 1","kt","204.262","E","Estimated value",""
"GT","Emissions totals","356","India","723113","Emissions (CO2eq) (AR5)","67291","Drained organic soils (N2O)","2021","2021","3050","FAO TIER 1","kt","204.262","E","Estimated value",""
"GT","Emissions totals","356","India","724313","Emissions (CO2eq) from N2O (AR5)","67291","Drained organic soils (N2O)","2022","2022","3050","FAO TIER 1","kt","204.156","E","Estimated value",""
"GT","Emissions totals","356","India","723113","Emissions (CO2eq) (AR5)","67291","Drained organic soils (N2O)","2022","2022","3050","FAO TIER 1","kt","204.156","E","Estimated value",""
"GT","Emissions totals","356","India","7273","Emissions (CO2)","6994","On-farm energy use","2018","2018","3050","FAO TIER 1","kt","157808.611","E","Estimated value",""
"GT","Emissions totals","356","India","724413","Emissions (CO2eq) from CH4 (AR5)","6994","On-farm energy use","2018","2018","3050","FAO TIER 1","kt","68.7456","E","Estimated value",""
"GT","Emissions totals","356","India","724313","Emissions (CO2eq) from N2O (AR5)","6994","On-farm energy use","2018","2018","3050","FAO TIER 1","kt","941.7305","E","Estimated value",""
"GT","Emissions totals","356","India","723113","Emissions (CO2eq) (AR5)","6994","On-farm energy use","2018","2018","3050","FAO TIER 1","kt","158819.0871","E","Estimated value",""
"GT","Emissions totals","356","India","7273","Emissions (CO2)","6994","On-farm energy use","2019","2019","3050","FAO TIER 1","kt","167842.13","E","Estimated value",""
"GT","Emissions totals","356","India","724413","Emissions (CO2eq) from CH4 (AR5)","6994","On-farm energy use","2019","2019","3050","FAO TIER 1","kt","74.6256","E","Estimated value",""
"GT","Emissions totals","356","India","724313","Emissions (CO2eq) from N2O (AR5)","6994","On-farm energy use","2019","2019","3050","FAO TIER 1","kt","981.6925","E","Estimated value",""
"GT","Emissions totals","356","India","723113","Emissions (CO2eq) (AR5)","6994","On-farm energy use","2019","2019","3050","FAO TIER 1","kt","168898.4481","E","Estimated value",""
"GT","Emissions totals","356","India","7273","Emissions (CO2)","6994","On-farm energy use","2020","2020","3050","FAO TIER 1","kt","158866.2634","E","Estimated value",""
"GT","Emissions totals","356","India","724413","Emissions (CO2eq) from CH4 (AR5)","6994","On-farm energy use","2020","2020","3050","FAO TIER 1","kt","72.9512","E","Estimated value",""
"GT","Emissions totals","356","India","724313","Emissions (CO2eq) from N2O (AR5)","6994","On-farm energy use","2020","2020","3050","FAO TIER 1","kt","924.6645","E","Estimated value",""
"GT","Emissions totals","356","India","723113","Emissions (CO2eq) (AR5)","6994","On-farm energy use","2020","2020","3050","FAO TIER 1","kt","159863.8791","E","Estimated value",""
"GT","Emissions totals","356","India","7273","Emissions (CO2)","6994","On-farm energy use","2021","2021","3050","FAO TIER 1","kt","158866.2634","E","Estimated value",""
"GT","Emissions totals","356","India","724413","Emissions (CO2eq) from CH4 (AR5)","6994","On-farm energy use","2021","2021","3050","FAO TIER 1","kt","72.9512","E","Estimated value",""
"GT","Emissions totals","356","India","724313","Emissions (CO2eq) from N2O (AR5)","6994","On-farm energy use","2021","2021","3050","FAO TIER 1","kt","924.6645","E","Estimated value",""
"GT","Emissions totals","356","India","723113","Emissions (CO2eq) (AR5)","6994","On-farm energy use","2021","2021","3050","FAO TIER 1","kt","159863.8791","E","Estimated value",""
"GT","Emissions totals","356","India","7273","Emissions (CO2)","6994","On-farm energy use","2022","2022","3050","FAO TIER 1","kt","158866.2634","E","Estimated value",""
"GT","Emissions totals","356","India","724413","Emissions (CO2eq) from CH4 (AR5)","6994","On-farm energy use","2022","2022","3050","FAO TIER 1","kt","72.9512","E","Estimated value",""
"GT","Emissions totals","356","India","724313","Emissions (CO2eq) from N2O (AR5)","6994","On-farm energy use","2022","2022","3050","FAO TIER 1","kt","924.6645","E","Estimated value",""
"GT","Emissions totals","356","India","723113","Emissions (CO2eq) (AR5)","6994","On-farm energy use","2022","2022","3050","FAO TIER 1","kt","159863.8791","E","Estimated value",""
"GT","Emissions totals","356","India","7273","Emissions (CO2)","6751","Forestland","2018","2018","3050","FAO TIER 1","kt","-40537.2","E","Estimated value",""
"GT","Emissions totals","356","India","723113","Emissions (CO2eq) (AR5)","6751","Forestland","2018","2018","3050","FAO TIER 1","kt","-40537.2","E","Estimated value",""
"GT","Emissions totals","356","India","7273","Emissions (CO2)","6751","Forestland","2019","2019","3050","FAO TIER 1","kt","-40537.2","E","Estimated value",""
"GT","Emissions totals","356","India","723113","Emissions (CO2eq) (AR5)","6751","Forestland","2019","2019","3050","FAO TIER 1","kt","-40537.2","E","Estimated value",""
"GT","Emissions totals","356","India","7273","Emissions (CO2)","6751","Forestland","2020","2020","3050","FAO TIER 1","kt","-40537.2","E","Estimated value",""
"GT","Emissions totals","356","India","723113","Emissions (CO2eq) (AR5)","6751","Forestland","2020","2020","3050","FAO TIER 1","kt","-40537.2","E","Estimated value",""
"GT","Emissions totals","356","India","7273","Emissions (CO2)","6751","Forestland","2021","2021","3050","FAO TIER 1","kt","-40537.2","E","Estimated value",""
"GT","Emissions totals","356","India","723113","Emissions (CO2eq) (AR5)","6751","Forestland","2021","2021","3050","FAO TIER 1","kt","-40537.2","E","Estimated value",""
"GT","Emissions totals","356","India","7273","Emissions (CO2)","6751","Forestland","2022","2022","3050","FAO TIER 1","kt","-40537.2","E","Estimated value",""
"GT","Emissions totals","356","India","723113","Emissions (CO2eq) (AR5)","6751","Forestland","2022","2022","3050","FAO TIER 1","kt","-40537.2","E","Estimated value",""
"GT","Emissions totals","356","India","7273","Emissions (CO2)","6750","Net Forest conversion","2018","2018","3050","FAO TIER 1","kt","0","E","Estimated value",""
"GT","Emissions totals","356","India","723113","Emissions (CO2eq) (AR5)","6750","Net Forest conversion","2018","2018","3050","FAO TIER 1","kt","0","E","Estimated value",""
"GT","Emissions totals","356","India","7273","Emissions (CO2)","6750","Net Forest conversion","2019","2019","3050","FAO TIER 1","kt","0","E","Estimated value",""
"GT","Emissions totals","356","India","723113","Emissions (CO2eq) (AR5)","6750","Net Forest conversion","2019","2019","3050","FAO TIER 1","kt","0","E","Estimated value",""
"GT","Emissions totals","356","India","7273","Emissions (CO2)","6750","Net Forest conversion","2020","2020","3050","FAO TIER 1","kt","0","E","Estimated value",""
"GT","Emissions totals","356","India","723113","Emissions (CO2eq) (AR5)","6750","Net Forest conversion","2020","2020","3050","FAO TIER 1","kt","0","E","Estimated value",""
"GT","Emissions totals","356","India","7273","Emissions (CO2)","6750","Net Forest conversion","2021","2021","3050","FAO TIER 1","kt","0","E","Estimated value",""
"GT","Emissions totals","356","India","723113","Emissions (CO2eq) (AR5)","6750","Net Forest conversion","2021","2021","3050","FAO TIER 1","kt","0","E","Estimated value",""
"GT","Emissions totals","356","India","7273","Emissions (CO2)","6750","Net Forest conversion","2022","2022","3050","FAO TIER 1","kt","0","E","Estimated value",""
"GT","Emissions totals","356","India","723113","Emissions (CO2eq) (AR5)","6750","Net Forest conversion","2022","2022","3050","FAO TIER 1","kt","0","E","Estimated value",""
"GT","Emissions totals","356","India","724413","Emissions (CO2eq) from CH4 (AR5)","6795","Savanna fires","2018","2018","3050","FAO TIER 1","kt","236.2164","E","Estimated value",""
"GT","Emissions totals","356","India","724313","Emissions (CO2eq) from N2O (AR5)","6795","Savanna fires","2018","2018","3050","FAO TIER 1","kt","204.1295","E","Estimated value",""
"GT","Emissions totals","356","India","723113","Emissions (CO2eq) (AR5)","6795","Savanna fires","2018","2018","3050","FAO TIER 1","kt","440.3459","E","Estimated value",""
"GT","Emissions totals","356","India","724413","Emissions (CO2eq) from CH4 (AR5)","6795","Savanna fires","2019","2019","3050","FAO TIER 1","kt","142.0496","E","Estimated value",""
"GT","Emissions totals","356","India","724313","Emissions (CO2eq) from N2O (AR5)","6795","Savanna fires","2019","2019","3050","FAO TIER 1","kt","122.748","E","Estimated value",""
"GT","Emissions totals","356","India","723113","Emissions (CO2eq) (AR5)","6795","Savanna fires","2019","2019","3050","FAO TIER 1","kt","264.7976","E","Estimated value",""
"GT","Emissions totals","356","India","724413","Emissions (CO2eq) from CH4 (AR5)","6795","Savanna fires","2020","2020","3050","FAO TIER 1","kt","93.0748","E","Estimated value",""
"GT","Emissions totals","356","India","724313","Emissions (CO2eq) from N2O (AR5)","6795","Savanna fires","2020","2020","3050","FAO TIER 1","kt","80.4275","E","Estimated value",""
"GT","Emissions totals","356","India","723113","Emissions (CO2eq) (AR5)","6795","Savanna fires","2020","2020","3050","FAO TIER 1","kt","173.5023","E","Estimated value",""
"GT","Emissions totals","356","India","724413","Emissions (CO2eq) from CH4 (AR5)","6795","Savanna fires","2021","2021","3050","FAO TIER 1","kt","318.1052","E","Estimated value",""
"GT","Emissions totals","356","India","724313","Emissions (CO2eq) from N2O (AR5)","6795","Savanna fires","2021","2021","3050","FAO TIER 1","kt","274.8845","E","Estimated value",""
"GT","Emissions totals","356","India","723113","Emissions (CO2eq) (AR5)","6795","Savanna fires","2021","2021","3050","FAO TIER 1","kt","592.9897","E","Estimated value",""
"GT","Emissions totals","356","India","724413","Emissions (CO2eq) from CH4 (AR5)","6795","Savanna fires","2022","2022","3050","FAO TIER 1","kt","214.186","E","Estimated value",""
"GT","Emissions totals","356","India","724313","Emissions (CO2eq) from N2O (AR5)","6795","Savanna fires","2022","2022","3050","FAO TIER 1","kt","185.076","E","Estimated value",""
"GT","Emissions totals","356","India","723113","Emissions (CO2eq) (AR5)","6795","Savanna fires","2022","2022","3050","FAO TIER 1","kt","399.262","E","Estimated value",""
"GT","Emissions totals","356","India","7273","Emissions (CO2)","6993","Fires in organic soils","2018","2018","3050","FAO TIER 1","kt","0","E","Estimated value",""
"GT","Emissions totals","356","India","724413","Emissions (CO2eq) from CH4 (AR5)","6993","Fires in organic soils","2018","2018","3050","FAO TIER 1","kt","0","E","Estimated value",""
"GT","Emissions totals","356","India","723113","Emissions (CO2eq) (AR5)","6993","Fires in organic soils","2018","2018","3050","FAO TIER 1","kt","0","E","Estimated value",""
"GT","Emissions totals","356","India","7273","Emissions (CO2)","6993","Fires in organic soils","2019","2019","3050","FAO TIER 1","kt","0","E","Estimated value",""
"GT","Emissions totals","356","India","724413","Emissions (CO2eq) from CH4 (AR5)","6993","Fires in organic soils","2019","2019","3050","FAO TIER 1","kt","0","E","Estimated value",""
"GT","Emissions totals","356","India","723113","Emissions (CO2eq) (AR5)","6993","Fires in organic soils","2019","2019","3050","FAO TIER 1","kt","0","E","Estimated value",""
"GT","Emissions totals","356","India","7273","Emissions (CO2)","6993","Fires in organic soils","2020","2020","3050","FAO TIER 1","kt","0","E","Estimated value",""
"GT","Emissions totals","356","India","724413","Emissions (CO2eq) from CH4 (AR5)","6993","Fires in organic soils","2020","2020","3050","FAO TIER 1","kt","0","E","Estimated value",""
"GT","Emissions totals","356","India","723113","Emissions (CO2eq) (AR5)","6993","Fires in organic soils","2020","2020","3050","FAO TIER 1","kt","0","E","Estimated value",""
"GT","Emissions totals","356","India","7273","Emissions (CO2)","6993","Fires in organic soils","2021","2021","3050","FAO TIER 1","kt","0","E","Estimated value",""
"GT","Emissions totals","356","India","724413","Emissions (CO2eq) from CH4 (AR5)","6993","Fires in organic soils","2021","2021","3050","FAO TIER 1","kt","0","E","Estimated value",""
"GT","Emissions totals","356","India","723113","Emissions (CO2eq) (AR5)","6993","Fires in organic soils","2021","2021","3050","FAO TIER 1","kt","0","E","Estimated value",""
"GT","Emissions totals","356","India","7273","Emissions (CO2)","6993","Fires in organic soils","2022","2022","3050","FAO TIER 1","kt","0","E","Estimated value",""
"GT","Emissions totals","356","India","724413","Emissions (CO2eq) from CH4 (AR5)","6993","Fires in organic soils","2022","2022","3050","FAO TIER 1","kt","0","E","Estimated value",""
"GT","Emissions totals","356","India","723113","Emissions (CO2eq) (AR5)","6993","Fires in organic soils","2022","2022","3050","FAO TIER 1","kt","0","E","Estimated value",""
"GT","Emissions totals","356","India","724413","Emissions (CO2eq) from CH4 (AR5)","6992","Forest fires","2018","2018","3050","FAO TIER 1","kt","3399.1188","E","Estimated value",""
"GT","Emissions totals","356","India","724313","Emissions (CO2eq) from N2O (AR5)","6992","Forest fires","2018","2018","3050","FAO TIER 1","kt","2937.2865","E","Estimated value",""
"GT","Emissions totals","356","India","723113","Emissions (CO2eq) (AR5)","6992","Forest fires","2018","2018","3050","FAO TIER 1","kt","6336.4053","E","Estimated value",""
"GT","Emissions totals","356","India","724413","Emissions (CO2eq) from CH4 (AR5)","6992","Forest fires","2019","2019","3050","FAO TIER 1","kt","2020.6424","E","Estimated value",""
"GT","Emissions totals","356","India","724313","Emissions (CO2eq) from N2O (AR5)","6992","Forest fires","2019","2019","3050","FAO TIER 1","kt","1746.085","E","Estimated value",""
"GT","Emissions totals","356","India","723113","Emissions (CO2eq) (AR5)","6992","Forest fires","2019","2019","3050","FAO TIER 1","kt","3766.7274","E","Estimated value",""
"GT","Emissions totals","356","India","724413","Emissions (CO2eq) from CH4 (AR5)","6992","Forest fires","2020","2020","3050","FAO TIER 1","kt","1031.8532","E","Estimated value",""
"GT","Emissions totals","356","India","724313","Emissions (CO2eq) from N2O (AR5)","6992","Forest fires","2020","2020","3050","FAO TIER 1","kt","891.6455","E","Estimated value",""
"GT","Emissions totals","356","India","723113","Emissions (CO2eq) (AR5)","6992","Forest fires","2020","2020","3050","FAO TIER 1","kt","1923.4987","E","Estimated value",""
"GT","Emissions totals","356","India","724413","Emissions (CO2eq) from CH4 (AR5)","6992","Forest fires","2021","2021","3050","FAO TIER 1","kt","5935.4092","E","Estimated value",""
"GT","Emissions totals","356","India","724313","Emissions (CO2eq) from N2O (AR5)","6992","Forest fires","2021","2021","3050","FAO TIER 1","kt","5128.969","E","Estimated value",""
"GT","Emissions totals","356","India","723113","Emissions (CO2eq) (AR5)","6992","Forest fires","2021","2021","3050","FAO TIER 1","kt","11064.3782","E","Estimated value",""
"GT","Emissions totals","356","India","724413","Emissions (CO2eq) from CH4 (AR5)","6992","Forest fires","2022","2022","3050","FAO TIER 1","kt","2456.034","E","Estimated value",""
"GT","Emissions totals","356","India","724313","Emissions (CO2eq) from N2O (AR5)","6992","Forest fires","2022","2022","3050","FAO TIER 1","kt","2122.332","E","Estimated value",""
"GT","Emissions totals","356","India","723113","Emissions (CO2eq) (AR5)","6992","Forest fires","2022","2022","3050","FAO TIER 1","kt","4578.366","E","Estimated value",""
"GT","Emissions totals","356","India","724413","Emissions (CO2eq) from CH4 (AR5)","69921","Fires in humid tropical forests","2018","2018","3050","FAO TIER 1","kt","342.9244","E","Estimated value",""
"GT","Emissions totals","356","India","724313","Emissions (CO2eq) from N2O (AR5)","69921","Fires in humid tropical forests","2018","2018","3050","FAO TIER 1","kt","296.323","E","Estimated value",""
"GT","Emissions totals","356","India","723113","Emissions (CO2eq) (AR5)","69921","Fires in humid tropical forests","2018","2018","3050","FAO TIER 1","kt","639.2474","E","Estimated value",""
"GT","Emissions totals","356","India","724413","Emissions (CO2eq) from CH4 (AR5)","69921","Fires in humid tropical forests","2019","2019","3050","FAO TIER 1","kt","289.5592","E","Estimated value",""
"GT","Emissions totals","356","India","724313","Emissions (CO2eq) from N2O (AR5)","69921","Fires in humid tropical forests","2019","2019","3050","FAO TIER 1","kt","250.213","E","Estimated value",""
"GT","Emissions totals","356","India","723113","Emissions (CO2eq) (AR5)","69921","Fires in humid tropical forests","2019","2019","3050","FAO TIER 1","kt","539.7722","E","Estimated value",""
"GT","Emissions totals","356","India","724413","Emissions (CO2eq) from CH4 (AR5)","69921","Fires in humid tropical forests","2020","2020","3050","FAO TIER 1","kt","288.4028","E","Estimated value",""
"GT","Emissions totals","356","India","724313","Emissions (CO2eq) from N2O (AR5)","69921","Fires in humid tropical forests","2020","2020","3050","FAO TIER 1","kt","249.206","E","Estimated value",""
"GT","Emissions totals","356","India","723113","Emissions (CO2eq) (AR5)","69921","Fires in humid tropical forests","2020","2020","3050","FAO TIER 1","kt","537.6088","E","Estimated value",""
"GT","Emissions totals","356","India","724413","Emissions (CO2eq) from CH4 (AR5)","69921","Fires in humid tropical forests","2021","2021","3050","FAO TIER 1","kt","1373.8004","E","Estimated value",""
"GT","Emissions totals","356","India","724313","Emissions (CO2eq) from N2O (AR5)","69921","Fires in humid tropical forests","2021","2021","3050","FAO TIER 1","kt","1187.147","E","Estimated value",""
"GT","Emissions totals","356","India","723113","Emissions (CO2eq) (AR5)","69921","Fires in humid tropical forests","2021","2021","3050","FAO TIER 1","kt","2560.9474","E","Estimated value",""
"GT","Emissions totals","356","India","724413","Emissions (CO2eq) from CH4 (AR5)","69921","Fires in humid tropical forests","2022","2022","3050","FAO TIER 1","kt","307.8404","E","Estimated value",""
"GT","Emissions totals","356","India","724313","Emissions (CO2eq) from N2O (AR5)","69921","Fires in humid tropical forests","2022","2022","3050","FAO TIER 1","kt","266.007","E","Estimated value",""
"GT","Emissions totals","356","India","723113","Emissions (CO2eq) (AR5)","69921","Fires in humid tropical forests","2022","2022","3050","FAO TIER 1","kt","573.8474","E","Estimated value",""
"GT","Emissions totals","356","India","7273","Emissions (CO2)","6991","Agrifood Systems Waste Disposal","2018","2018","3050","FAO TIER 1","kt","815.1441","E","Estimated value",""
"GT","Emissions totals","356","India","724413","Emissions (CO2eq) from CH4 (AR5)","6991","Agrifood Systems Waste Disposal","2018","2018","3050","FAO TIER 1","kt","145196.3793","E","Estimated value",""
"GT","Emissions totals","356","India","724313","Emissions (CO2eq) from N2O (AR5)","6991","Agrifood Systems Waste Disposal","2018","2018","3050","FAO TIER 1","kt","7243.8434","E","Estimated value",""
"GT","Emissions totals","356","India","723113","Emissions (CO2eq) (AR5)","6991","Agrifood Systems Waste Disposal","2018","2018","3050","FAO TIER 1","kt","153255.3667","E","Estimated value",""
"GT","Emissions totals","356","India","7273","Emissions (CO2)","6991","Agrifood Systems Waste Disposal","2019","2019","3050","FAO TIER 1","kt","816.4679","E","Estimated value",""
"GT","Emissions totals","356","India","724413","Emissions (CO2eq) from CH4 (AR5)","6991","Agrifood Systems Waste Disposal","2019","2019","3050","FAO TIER 1","kt","145962.5595","E","Estimated value",""
"GT","Emissions totals","356","India","724313","Emissions (CO2eq) from N2O (AR5)","6991","Agrifood Systems Waste Disposal","2019","2019","3050","FAO TIER 1","kt","7316.3161","E","Estimated value",""
"GT","Emissions totals","356","India","723113","Emissions (CO2eq) (AR5)","6991","Agrifood Systems Waste Disposal","2019","2019","3050","FAO TIER 1","kt","154095.3434","E","Estimated value",""
"GT","Emissions totals","356","India","7273","Emissions (CO2)","6991","Agrifood Systems Waste Disposal","2020","2020","3050","FAO TIER 1","kt","814.7704","E","Estimated value",""
"GT","Emissions totals","356","India","724413","Emissions (CO2eq) from CH4 (AR5)","6991","Agrifood Systems Waste Disposal","2020","2020","3050","FAO TIER 1","kt","146642.4734","E","Estimated value",""
"GT","Emissions totals","356","India","724313","Emissions (CO2eq) from N2O (AR5)","6991","Agrifood Systems Waste Disposal","2020","2020","3050","FAO TIER 1","kt","7387.7956","E","Estimated value",""
"GT","Emissions totals","356","India","723113","Emissions (CO2eq) (AR5)","6991","Agrifood Systems Waste Disposal","2020","2020","3050","FAO TIER 1","kt","154845.0394","E","Estimated value",""
"GT","Emissions totals","356","India","7273","Emissions (CO2)","6991","Agrifood Systems Waste Disposal","2021","2021","3050","FAO TIER 1","kt","819.7136","E","Estimated value",""
"GT","Emissions totals","356","India","724413","Emissions (CO2eq) from CH4 (AR5)","6991","Agrifood Systems Waste Disposal","2021","2021","3050","FAO TIER 1","kt","147295.3192","E","Estimated value",""
"GT","Emissions totals","356","India","724313","Emissions (CO2eq) from N2O (AR5)","6991","Agrifood Systems Waste Disposal","2021","2021","3050","FAO TIER 1","kt","7469.9064","E","Estimated value",""
"GT","Emissions totals","356","India","723113","Emissions (CO2eq) (AR5)","6991","Agrifood Systems Waste Disposal","2021","2021","3050","FAO TIER 1","kt","155584.9392","E","Estimated value",""
"GT","Emissions totals","356","India","7273","Emissions (CO2)","6991","Agrifood Systems Waste Disposal","2022","2022","3050","FAO TIER 1","kt","819.7136","E","Estimated value",""
"GT","Emissions totals","356","India","724413","Emissions (CO2eq) from CH4 (AR5)","6991","Agrifood Systems Waste Disposal","2022","2022","3050","FAO TIER 1","kt","147295.3192","E","Estimated value",""
"GT","Emissions totals","356","India","724313","Emissions (CO2eq) from N2O (AR5)","6991","Agrifood Systems Waste Disposal","2022","2022","3050","FAO TIER 1","kt","7469.9064","E","Estimated value",""
"GT","Emissions totals","356","India","723113","Emissions (CO2eq) (AR5)","6991","Agrifood Systems Waste Disposal","2022","2022","3050","FAO TIER 1","kt","155584.9392","E","Estimated value",""
"GT","Emissions totals","356","India","7273","Emissions (CO2)","6504","Fertilizers Manufacturing","2018","2018","3050","FAO TIER 1","kt","27630.3298","E","Estimated value",""
"GT","Emissions totals","356","India","724313","Emissions (CO2eq) from N2O (AR5)","6504","Fertilizers Manufacturing","2018","2018","3050","FAO TIER 1","kt","103.8514","E","Estimated value",""
"GT","Emissions totals","356","India","723113","Emissions (CO2eq) (AR5)","6504","Fertilizers Manufacturing","2018","2018","3050","FAO TIER 1","kt","27734.1812","E","Estimated value",""
"GT","Emissions totals","356","India","7273","Emissions (CO2)","6504","Fertilizers Manufacturing","2019","2019","3050","FAO TIER 1","kt","27379.583","E","Estimated value",""
"GT","Emissions totals","356","India","724313","Emissions (CO2eq) from N2O (AR5)","6504","Fertilizers Manufacturing","2019","2019","3050","FAO TIER 1","kt","103.6852","E","Estimated value",""
"GT","Emissions totals","356","India","723113","Emissions (CO2eq) (AR5)","6504","Fertilizers Manufacturing","2019","2019","3050","FAO TIER 1","kt","27483.2682","E","Estimated value",""
"GT","Emissions totals","356","India","7273","Emissions (CO2)","6504","Fertilizers Manufacturing","2020","2020","3050","FAO TIER 1","kt","26673.2055","E","Estimated value",""
"GT","Emissions totals","356","India","724313","Emissions (CO2eq) from N2O (AR5)","6504","Fertilizers Manufacturing","2020","2020","3050","FAO TIER 1","kt","111.1195","E","Estimated value",""
"GT","Emissions totals","356","India","723113","Emissions (CO2eq) (AR5)","6504","Fertilizers Manufacturing","2020","2020","3050","FAO TIER 1","kt","26784.325","E","Estimated value",""
"GT","Emissions totals","356","India","7273","Emissions (CO2)","6504","Fertilizers Manufacturing","2021","2021","3050","FAO TIER 1","kt","32695.3372","E","Estimated value",""
"GT","Emissions totals","356","India","724313","Emissions (CO2eq) from N2O (AR5)","6504","Fertilizers Manufacturing","2021","2021","3050","FAO TIER 1","kt","113.3604","E","Estimated value",""
"GT","Emissions totals","356","India","723113","Emissions (CO2eq) (AR5)","6504","Fertilizers Manufacturing","2021","2021","3050","FAO TIER 1","kt","32808.6976","E","Estimated value",""
"GT","Emissions totals","356","India","7273","Emissions (CO2)","6504","Fertilizers Manufacturing","2022","2022","3050","FAO TIER 1","kt","32695.3372","E","Estimated value",""
"GT","Emissions totals","356","India","724313","Emissions (CO2eq) from N2O (AR5)","6504","Fertilizers Manufacturing","2022","2022","3050","FAO TIER 1","kt","113.3604","E","Estimated value",""
"GT","Emissions totals","356","India","723113","Emissions (CO2eq) (AR5)","6504","Fertilizers Manufacturing","2022","2022","3050","FAO TIER 1","kt","32808.6976","E","Estimated value",""
"GT","Emissions totals","356","India","7273","Emissions (CO2)","6997","Pesticides Manufacturing","2018","2018","3050","FAO TIER 1","kt","1835.2899","E","Estimated value",""
"GT","Emissions totals","356","India","724413","Emissions (CO2eq) from CH4 (AR5)","6997","Pesticides Manufacturing","2018","2018","3050","FAO TIER 1","kt","1.2097","E","Estimated value",""
"GT","Emissions totals","356","India","724313","Emissions (CO2eq) from N2O (AR5)","6997","Pesticides Manufacturing","2018","2018","3050","FAO TIER 1","kt","6.4716","E","Estimated value",""
"GT","Emissions totals","356","India","723113","Emissions (CO2eq) (AR5)","6997","Pesticides Manufacturing","2018","2018","3050","FAO TIER 1","kt","1842.9711","E","Estimated value",""
"GT","Emissions totals","356","India","7273","Emissions (CO2)","6997","Pesticides Manufacturing","2019","2019","3050","FAO TIER 1","kt","1864.4561","E","Estimated value",""
"GT","Emissions totals","356","India","724413","Emissions (CO2eq) from CH4 (AR5)","6997","Pesticides Manufacturing","2019","2019","3050","FAO TIER 1","kt","1.2509","E","Estimated value",""
"GT","Emissions totals","356","India","724313","Emissions (CO2eq) from N2O (AR5)","6997","Pesticides Manufacturing","2019","2019","3050","FAO TIER 1","kt","6.5413","E","Estimated value",""
"GT","Emissions totals","356","India","723113","Emissions (CO2eq) (AR5)","6997","Pesticides Manufacturing","2019","2019","3050","FAO TIER 1","kt","1872.2483","E","Estimated value",""
"GT","Emissions totals","356","India","7273","Emissions (CO2)","6997","Pesticides Manufacturing","2020","2020","3050","FAO TIER 1","kt","774.9185","E","Estimated value",""
"GT","Emissions totals","356","India","724413","Emissions (CO2eq) from CH4 (AR5)","6997","Pesticides Manufacturing","2020","2020","3050","FAO TIER 1","kt","0.7984","E","Estimated value",""
"GT","Emissions totals","356","India","724313","Emissions (CO2eq) from N2O (AR5)","6997","Pesticides Manufacturing","2020","2020","3050","FAO TIER 1","kt","1.4132","E","Estimated value",""
"GT","Emissions totals","356","India","723113","Emissions (CO2eq) (AR5)","6997","Pesticides Manufacturing","2020","2020","3050","FAO TIER 1","kt","777.1302","E","Estimated value",""
"GT","Emissions totals","356","India","7273","Emissions (CO2)","6997","Pesticides Manufacturing","2021","2021","3050","FAO TIER 1","kt","1864.4561","E","Estimated value",""
"GT","Emissions totals","356","India","724413","Emissions (CO2eq) from CH4 (AR5)","6997","Pesticides Manufacturing","2021","2021","3050","FAO TIER 1","kt","1.2509","E","Estimated value",""
"GT","Emissions totals","356","India","724313","Emissions (CO2eq) from N2O (AR5)","6997","Pesticides Manufacturing","2021","2021","3050","FAO TIER 1","kt","6.5413","E","Estimated value",""
"GT","Emissions totals","356","India","723113","Emissions (CO2eq) (AR5)","6997","Pesticides Manufacturing","2021","2021","3050","FAO TIER 1","kt","1872.2483","E","Estimated value",""
"GT","Emissions totals","356","India","7273","Emissions (CO2)","6997","Pesticides Manufacturing","2022","2022","3050","FAO TIER 1","kt","1864.4561","E","Estimated value",""
"GT","Emissions totals","356","India","724413","Emissions (CO2eq) from CH4 (AR5)","6997","Pesticides Manufacturing","2022","2022","3050","FAO TIER 1","kt","1.2509","E","Estimated value",""
"GT","Emissions totals","356","India","724313","Emissions (CO2eq) from N2O (AR5)","6997","Pesticides Manufacturing","2022","2022","3050","FAO TIER 1","kt","6.5413","E","Estimated value",""
"GT","Emissions totals","356","India","723113","Emissions (CO2eq) (AR5)","6997","Pesticides Manufacturing","2022","2022","3050","FAO TIER 1","kt","1872.2483","E","Estimated value",""
"GT","Emissions totals","356","India","7273","Emissions (CO2)","6507","Food Processing","2018","2018","3050","FAO TIER 1","kt","13899.9897","E","Estimated value",""
"GT","Emissions totals","356","India","724413","Emissions (CO2eq) from CH4 (AR5)","6507","Food Processing","2018","2018","3050","FAO TIER 1","kt","5.6114","E","Estimated value",""
"GT","Emissions totals","356","India","724313","Emissions (CO2eq) from N2O (AR5)","6507","Food Processing","2018","2018","3050","FAO TIER 1","kt","65.3066","E","Estimated value",""
"GT","Emissions totals","356","India","723113","Emissions (CO2eq) (AR5)","6507","Food Processing","2018","2018","3050","FAO TIER 1","kt","13970.9076","E","Estimated value",""
"GT","Emissions totals","356","India","7273","Emissions (CO2)","6507","Food Processing","2019","2019","3050","FAO TIER 1","kt","14107.1055","E","Estimated value",""
"GT","Emissions totals","356","India","724413","Emissions (CO2eq) from CH4 (AR5)","6507","Food Processing","2019","2019","3050","FAO TIER 1","kt","5.869","E","Estimated value",""
"GT","Emissions totals","356","India","724313","Emissions (CO2eq) from N2O (AR5)","6507","Food Processing","2019","2019","3050","FAO TIER 1","kt","66.3544","E","Estimated value",""
"GT","Emissions totals","356","India","723113","Emissions (CO2eq) (AR5)","6507","Food Processing","2019","2019","3050","FAO TIER 1","kt","14179.3289","E","Estimated value",""
"GT","Emissions totals","356","India","7273","Emissions (CO2)","6507","Food Processing","2020","2020","3050","FAO TIER 1","kt","14728.9014","E","Estimated value",""
"GT","Emissions totals","356","India","724413","Emissions (CO2eq) from CH4 (AR5)","6507","Food Processing","2020","2020","3050","FAO TIER 1","kt","6.1294","E","Estimated value",""
"GT","Emissions totals","356","India","724313","Emissions (CO2eq) from N2O (AR5)","6507","Food Processing","2020","2020","3050","FAO TIER 1","kt","69.2726","E","Estimated value",""
"GT","Emissions totals","356","India","723113","Emissions (CO2eq) (AR5)","6507","Food Processing","2020","2020","3050","FAO TIER 1","kt","14804.3034","E","Estimated value",""
"GT","Emissions totals","356","India","7273","Emissions (CO2)","6507","Food Processing","2021","2021","3050","FAO TIER 1","kt","15345.6757","E","Estimated value",""
"GT","Emissions totals","356","India","724413","Emissions (CO2eq) from CH4 (AR5)","6507","Food Processing","2021","2021","3050","FAO TIER 1","kt","6.3843","E","Estimated value",""
"GT","Emissions totals","356","India","724313","Emissions (CO2eq) from N2O (AR5)","6507","Food Processing","2021","2021","3050","FAO TIER 1","kt","72.1804","E","Estimated value",""
"GT","Emissions totals","356","India","723113","Emissions (CO2eq) (AR5)","6507","Food Processing","2021","2021","3050","FAO TIER 1","kt","15424.2404","E","Estimated value",""
"GT","Emissions totals","356","India","7273","Emissions (CO2)","6507","Food Processing","2022","2022","3050","FAO TIER 1","kt","15345.6757","E","Estimated value",""
"GT","Emissions totals","356","India","724413","Emissions (CO2eq) from CH4 (AR5)","6507","Food Processing","2022","2022","3050","FAO TIER 1","kt","6.3843","E","Estimated value",""
"GT","Emissions totals","356","India","724313","Emissions (CO2eq) from N2O (AR5)","6507","Food Processing","2022","2022","3050","FAO TIER 1","kt","72.1804","E","Estimated value",""
"GT","Emissions totals","356","India","723113","Emissions (CO2eq) (AR5)","6507","Food Processing","2022","2022","3050","FAO TIER 1","kt","15424.2404","E","Estimated value",""
"GT","Emissions totals","356","India","7273","Emissions (CO2)","6506","Food Packaging","2018","2018","3050","FAO TIER 1","kt","8968.0219","E","Estimated value",""
"GT","Emissions totals","356","India","724413","Emissions (CO2eq) from CH4 (AR5)","6506","Food Packaging","2018","2018","3050","FAO TIER 1","kt","149.9212","E","Estimated value",""
"GT","Emissions totals","356","India","724313","Emissions (CO2eq) from N2O (AR5)","6506","Food Packaging","2018","2018","3050","FAO TIER 1","kt","27.6824","E","Estimated value",""
"GT","Emissions totals","356","India","723113","Emissions (CO2eq) (AR5)","6506","Food Packaging","2018","2018","3050","FAO TIER 1","kt","9145.6255","E","Estimated value",""
"GT","Emissions totals","356","India","7273","Emissions (CO2)","6506","Food Packaging","2019","2019","3050","FAO TIER 1","kt","8689.2687","E","Estimated value",""
"GT","Emissions totals","356","India","724413","Emissions (CO2eq) from CH4 (AR5)","6506","Food Packaging","2019","2019","3050","FAO TIER 1","kt","142.5386","E","Estimated value",""
"GT","Emissions totals","356","India","724313","Emissions (CO2eq) from N2O (AR5)","6506","Food Packaging","2019","2019","3050","FAO TIER 1","kt","27.5171","E","Estimated value",""
"GT","Emissions totals","356","India","723113","Emissions (CO2eq) (AR5)","6506","Food Packaging","2019","2019","3050","FAO TIER 1","kt","8859.3244","E","Estimated value",""
"GT","Emissions totals","356","India","7273","Emissions (CO2)","6506","Food Packaging","2020","2020","3050","FAO TIER 1","kt","8240.0189","E","Estimated value",""
"GT","Emissions totals","356","India","724413","Emissions (CO2eq) from CH4 (AR5)","6506","Food Packaging","2020","2020","3050","FAO TIER 1","kt","123.6622","E","Estimated value",""
"GT","Emissions totals","356","India","724313","Emissions (CO2eq) from N2O (AR5)","6506","Food Packaging","2020","2020","3050","FAO TIER 1","kt","27.069","E","Estimated value",""
"GT","Emissions totals","356","India","723113","Emissions (CO2eq) (AR5)","6506","Food Packaging","2020","2020","3050","FAO TIER 1","kt","8390.75","E","Estimated value",""
"GT","Emissions totals","356","India","7273","Emissions (CO2)","6506","Food Packaging","2021","2021","3050","FAO TIER 1","kt","8869.6901","E","Estimated value",""
"GT","Emissions totals","356","India","724413","Emissions (CO2eq) from CH4 (AR5)","6506","Food Packaging","2021","2021","3050","FAO TIER 1","kt","142.9401","E","Estimated value",""
"GT","Emissions totals","356","India","724313","Emissions (CO2eq) from N2O (AR5)","6506","Food Packaging","2021","2021","3050","FAO TIER 1","kt","28.8945","E","Estimated value",""
"GT","Emissions totals","356","India","723113","Emissions (CO2eq) (AR5)","6506","Food Packaging","2021","2021","3050","FAO TIER 1","kt","9041.5248","E","Estimated value",""
"GT","Emissions totals","356","India","7273","Emissions (CO2)","6506","Food Packaging","2022","2022","3050","FAO TIER 1","kt","8869.6901","E","Estimated value",""
"GT","Emissions totals","356","India","724413","Emissions (CO2eq) from CH4 (AR5)","6506","Food Packaging","2022","2022","3050","FAO TIER 1","kt","142.9401","E","Estimated value",""
"GT","Emissions totals","356","India","724313","Emissions (CO2eq) from N2O (AR5)","6506","Food Packaging","2022","2022","3050","FAO TIER 1","kt","28.8945","E","Estimated value",""
"GT","Emissions totals","356","India","723113","Emissions (CO2eq) (AR5)","6506","Food Packaging","2022","2022","3050","FAO TIER 1","kt","9041.5248","E","Estimated value",""
"GT","Emissions totals","356","India","7273","Emissions (CO2)","6508","Food Retail","2018","2018","3050","FAO TIER 1","kt","16364.8364","E","Estimated value",""
"GT","Emissions totals","356","India","717815","Emissions (CO2eq) from F-gases (AR5)","6508","Food Retail","2018","2018","3050","FAO TIER 1","kt","31571.1828","E","Estimated value",""
"GT","Emissions totals","356","India","724413","Emissions (CO2eq) from CH4 (AR5)","6508","Food Retail","2018","2018","3050","FAO TIER 1","kt","16.6436","E","Estimated value",""
"GT","Emissions totals","356","India","724313","Emissions (CO2eq) from N2O (AR5)","6508","Food Retail","2018","2018","3050","FAO TIER 1","kt","67.425","E","Estimated value",""
"GT","Emissions totals","356","India","723113","Emissions (CO2eq) (AR5)","6508","Food Retail","2018","2018","3050","FAO TIER 1","kt","48020.0879","E","Estimated value",""
"GT","Emissions totals","356","India","7273","Emissions (CO2)","6508","Food Retail","2019","2019","3050","FAO TIER 1","kt","14833.1784","E","Estimated value",""
"GT","Emissions totals","356","India","717815","Emissions (CO2eq) from F-gases (AR5)","6508","Food Retail","2019","2019","3050","FAO TIER 1","kt","33915.4304","E","Estimated value",""
"GT","Emissions totals","356","India","724413","Emissions (CO2eq) from CH4 (AR5)","6508","Food Retail","2019","2019","3050","FAO TIER 1","kt","14.996","E","Estimated value",""
"GT","Emissions totals","356","India","724313","Emissions (CO2eq) from N2O (AR5)","6508","Food Retail","2019","2019","3050","FAO TIER 1","kt","61.1469","E","Estimated value",""
"GT","Emissions totals","356","India","723113","Emissions (CO2eq) (AR5)","6508","Food Retail","2019","2019","3050","FAO TIER 1","kt","48824.7517","E","Estimated value",""
"GT","Emissions totals","356","India","7273","Emissions (CO2)","6508","Food Retail","2020","2020","3050","FAO TIER 1","kt","14190.9558","E","Estimated value",""
"GT","Emissions totals","356","India","717815","Emissions (CO2eq) from F-gases (AR5)","6508","Food Retail","2020","2020","3050","FAO TIER 1","kt","36259.7976","E","Estimated value",""
"GT","Emissions totals","356","India","724413","Emissions (CO2eq) from CH4 (AR5)","6508","Food Retail","2020","2020","3050","FAO TIER 1","kt","16.8493","E","Estimated value",""
"GT","Emissions totals","356","India","724313","Emissions (CO2eq) from N2O (AR5)","6508","Food Retail","2020","2020","3050","FAO TIER 1","kt","57.7891","E","Estimated value",""
"GT","Emissions totals","356","India","723113","Emissions (CO2eq) (AR5)","6508","Food Retail","2020","2020","3050","FAO TIER 1","kt","50525.3918","E","Estimated value",""
"GT","Emissions totals","356","India","7273","Emissions (CO2)","6508","Food Retail","2021","2021","3050","FAO TIER 1","kt","14573.6548","E","Estimated value",""
"GT","Emissions totals","356","India","717815","Emissions (CO2eq) from F-gases (AR5)","6508","Food Retail","2021","2021","3050","FAO TIER 1","kt","38768.1345","E","Estimated value",""
"GT","Emissions totals","356","India","724413","Emissions (CO2eq) from CH4 (AR5)","6508","Food Retail","2021","2021","3050","FAO TIER 1","kt","15.6415","E","Estimated value",""
"GT","Emissions totals","356","India","724313","Emissions (CO2eq) from N2O (AR5)","6508","Food Retail","2021","2021","3050","FAO TIER 1","kt","59.9631","E","Estimated value",""
"GT","Emissions totals","356","India","723113","Emissions (CO2eq) (AR5)","6508","Food Retail","2021","2021","3050","FAO TIER 1","kt","53417.394","E","Estimated value",""
"GT","Emissions totals","356","India","7273","Emissions (CO2)","6508","Food Retail","2022","2022","3050","FAO TIER 1","kt","14573.6548","E","Estimated value",""
"GT","Emissions totals","356","India","717815","Emissions (CO2eq) from F-gases (AR5)","6508","Food Retail","2022","2022","3050","FAO TIER 1","kt","38768.1345","E","Estimated value",""
"GT","Emissions totals","356","India","724413","Emissions (CO2eq) from CH4 (AR5)","6508","Food Retail","2022","2022","3050","FAO TIER 1","kt","15.6415","E","Estimated value",""
"GT","Emissions totals","356","India","724313","Emissions (CO2eq) from N2O (AR5)","6508","Food Retail","2022","2022","3050","FAO TIER 1","kt","59.9631","E","Estimated value",""
"GT","Emissions totals","356","India","723113","Emissions (CO2eq) (AR5)","6508","Food Retail","2022","2022","3050","FAO TIER 1","kt","53417.394","E","Estimated value",""
"GT","Emissions totals","356","India","7273","Emissions (CO2)","6505","Food Household Consumption","2018","2018","3050","FAO TIER 1","kt","71250.4261","E","Estimated value",""
"GT","Emissions totals","356","India","717815","Emissions (CO2eq) from F-gases (AR5)","6505","Food Household Consumption","2018","2018","3050","FAO TIER 1","kt","3411.0194","E","Estimated value",""
"GT","Emissions totals","356","India","724413","Emissions (CO2eq) from CH4 (AR5)","6505","Food Household Consumption","2018","2018","3050","FAO TIER 1","kt","180.4795","E","Estimated value",""
"GT","Emissions totals","356","India","724313","Emissions (CO2eq) from N2O (AR5)","6505","Food Household Consumption","2018","2018","3050","FAO TIER 1","kt","136.3414","E","Estimated value",""
"GT","Emissions totals","356","India","723113","Emissions (CO2eq) (AR5)","6505","Food Household Consumption","2018","2018","3050","FAO TIER 1","kt","74978.2664","E","Estimated value",""
"GT","Emissions totals","356","India","7273","Emissions (CO2)","6505","Food Household Consumption","2019","2019","3050","FAO TIER 1","kt","75686.6594","E","Estimated value",""
"GT","Emissions totals","356","India","717815","Emissions (CO2eq) from F-gases (AR5)","6505","Food Household Consumption","2019","2019","3050","FAO TIER 1","kt","3499.0267","E","Estimated value",""
"GT","Emissions totals","356","India","724413","Emissions (CO2eq) from CH4 (AR5)","6505","Food Household Consumption","2019","2019","3050","FAO TIER 1","kt","190.1994","E","Estimated value",""
"GT","Emissions totals","356","India","724313","Emissions (CO2eq) from N2O (AR5)","6505","Food Household Consumption","2019","2019","3050","FAO TIER 1","kt","146.0256","E","Estimated value",""
"GT","Emissions totals","356","India","723113","Emissions (CO2eq) (AR5)","6505","Food Household Consumption","2019","2019","3050","FAO TIER 1","kt","79521.911","E","Estimated value",""
"GT","Emissions totals","356","India","7273","Emissions (CO2)","6505","Food Household Consumption","2020","2020","3050","FAO TIER 1","kt","79213.156","E","Estimated value",""
"GT","Emissions totals","356","India","717815","Emissions (CO2eq) from F-gases (AR5)","6505","Food Household Consumption","2020","2020","3050","FAO TIER 1","kt","3434.3156","E","Estimated value",""
"GT","Emissions totals","356","India","724413","Emissions (CO2eq) from CH4 (AR5)","6505","Food Household Consumption","2020","2020","3050","FAO TIER 1","kt","202.1585","E","Estimated value",""
"GT","Emissions totals","356","India","724313","Emissions (CO2eq) from N2O (AR5)","6505","Food Household Consumption","2020","2020","3050","FAO TIER 1","kt","144.4632","E","Estimated value",""
"GT","Emissions totals","356","India","723113","Emissions (CO2eq) (AR5)","6505","Food Household Consumption","2020","2020","3050","FAO TIER 1","kt","82994.0932","E","Estimated value",""
"GT","Emissions totals","356","India","7273","Emissions (CO2)","6505","Food Household Consumption","2021","2021","3050","FAO TIER 1","kt","70968.5951","E","Estimated value",""
"GT","Emissions totals","356","India","717815","Emissions (CO2eq) from F-gases (AR5)","6505","Food Household Consumption","2021","2021","3050","FAO TIER 1","kt","3406.5724","E","Estimated value",""
"GT","Emissions totals","356","India","724413","Emissions (CO2eq) from CH4 (AR5)","6505","Food Household Consumption","2021","2021","3050","FAO TIER 1","kt","189.9351","E","Estimated value",""
"GT","Emissions totals","356","India","724313","Emissions (CO2eq) from N2O (AR5)","6505","Food Household Consumption","2021","2021","3050","FAO TIER 1","kt","133.4328","E","Estimated value",""
"GT","Emissions totals","356","India","723113","Emissions (CO2eq) (AR5)","6505","Food Household Consumption","2021","2021","3050","FAO TIER 1","kt","74698.5355","E","Estimated value",""
"GT","Emissions totals","356","India","7273","Emissions (CO2)","6505","Food Household Consumption","2022","2022","3050","FAO TIER 1","kt","70968.5951","E","Estimated value",""
"GT","Emissions totals","356","India","717815","Emissions (CO2eq) from F-gases (AR5)","6505","Food Household Consumption","2022","2022","3050","FAO TIER 1","kt","3406.5724","E","Estimated value",""
"GT","Emissions totals","356","India","724413","Emissions (CO2eq) from CH4 (AR5)","6505","Food Household Consumption","2022","2022","3050","FAO TIER 1","kt","189.9351","E","Estimated value",""
"GT","Emissions totals","356","India","724313","Emissions (CO2eq) from N2O (AR5)","6505","Food Household Consumption","2022","2022","3050","FAO TIER 1","kt","133.4328","E","Estimated value",""
"GT","Emissions totals","356","India","723113","Emissions (CO2eq) (AR5)","6505","Food Household Consumption","2022","2022","3050","FAO TIER 1","kt","74698.5355","E","Estimated value",""
"GT","Emissions totals","356","India","7273","Emissions (CO2)","6815","Food Transport","2018","2018","3050","FAO TIER 1","kt","14646.6874","E","Estimated value",""
"GT","Emissions totals","356","India","724413","Emissions (CO2eq) from CH4 (AR5)","6815","Food Transport","2018","2018","3050","FAO TIER 1","kt","203.727","E","Estimated value",""
"GT","Emissions totals","356","India","724313","Emissions (CO2eq) from N2O (AR5)","6815","Food Transport","2018","2018","3050","FAO TIER 1","kt","473.6989","E","Estimated value",""
"GT","Emissions totals","356","India","723113","Emissions (CO2eq) (AR5)","6815","Food Transport","2018","2018","3050","FAO TIER 1","kt","15324.1133","E","Estimated value",""
"GT","Emissions totals","356","India","7273","Emissions (CO2)","6815","Food Transport","2019","2019","3050","FAO TIER 1","kt","13766.4961","E","Estimated value",""
"GT","Emissions totals","356","India","724413","Emissions (CO2eq) from CH4 (AR5)","6815","Food Transport","2019","2019","3050","FAO TIER 1","kt","146.3284","E","Estimated value",""
"GT","Emissions totals","356","India","724313","Emissions (CO2eq) from N2O (AR5)","6815","Food Transport","2019","2019","3050","FAO TIER 1","kt","462.9139","E","Estimated value",""
"GT","Emissions totals","356","India","723113","Emissions (CO2eq) (AR5)","6815","Food Transport","2019","2019","3050","FAO TIER 1","kt","14375.7384","E","Estimated value",""
"GT","Emissions totals","356","India","7273","Emissions (CO2)","6815","Food Transport","2020","2020","3050","FAO TIER 1","kt","11767.8715","E","Estimated value",""
"GT","Emissions totals","356","India","724413","Emissions (CO2eq) from CH4 (AR5)","6815","Food Transport","2020","2020","3050","FAO TIER 1","kt","129.3983","E","Estimated value",""
"GT","Emissions totals","356","India","724313","Emissions (CO2eq) from N2O (AR5)","6815","Food Transport","2020","2020","3050","FAO TIER 1","kt","368.2729","E","Estimated value",""
"GT","Emissions totals","356","India","723113","Emissions (CO2eq) (AR5)","6815","Food Transport","2020","2020","3050","FAO TIER 1","kt","12265.5427","E","Estimated value",""
"GT","Emissions totals","356","India","7273","Emissions (CO2)","6815","Food Transport","2021","2021","3050","FAO TIER 1","kt","11429.824","E","Estimated value",""
"GT","Emissions totals","356","India","724413","Emissions (CO2eq) from CH4 (AR5)","6815","Food Transport","2021","2021","3050","FAO TIER 1","kt","131.7673","E","Estimated value",""
"GT","Emissions totals","356","India","724313","Emissions (CO2eq) from N2O (AR5)","6815","Food Transport","2021","2021","3050","FAO TIER 1","kt","390.5244","E","Estimated value",""
"GT","Emissions totals","356","India","723113","Emissions (CO2eq) (AR5)","6815","Food Transport","2021","2021","3050","FAO TIER 1","kt","11952.1157","E","Estimated value",""
"GT","Emissions totals","356","India","7273","Emissions (CO2)","6815","Food Transport","2022","2022","3050","FAO TIER 1","kt","11429.824","E","Estimated value",""
"GT","Emissions totals","356","India","724413","Emissions (CO2eq) from CH4 (AR5)","6815","Food Transport","2022","2022","3050","FAO TIER 1","kt","131.7673","E","Estimated value",""
"GT","Emissions totals","356","India","724313","Emissions (CO2eq) from N2O (AR5)","6815","Food Transport","2022","2022","3050","FAO TIER 1","kt","390.5244","E","Estimated value",""
"GT","Emissions totals","356","India","723113","Emissions (CO2eq) (AR5)","6815","Food Transport","2022","2022","3050","FAO TIER 1","kt","11952.1157","E","Estimated value",""
"GT","Emissions totals","356","India","7273","Emissions (CO2)","6821","Energy","2018","2018","3050","FAO TIER 1","kt","2463462.9","E","Estimated value",""
"GT","Emissions totals","356","India","724413","Emissions (CO2eq) from CH4 (AR5)","6821","Energy","2018","2018","3050","FAO TIER 1","kt","123011.784","E","Estimated value",""
"GT","Emissions totals","356","India","724313","Emissions (CO2eq) from N2O (AR5)","6821","Energy","2018","2018","3050","FAO TIER 1","kt","27958.3533","E","Estimated value",""
"GT","Emissions totals","356","India","723113","Emissions (CO2eq) (AR5)","6821","Energy","2018","2018","3050","FAO TIER 1","kt","2614433.0373","E","Estimated value",""
"GT","Emissions totals","356","India","7273","Emissions (CO2)","6821","Energy","2019","2019","3050","FAO TIER 1","kt","2544717.2","E","Estimated value",""
"GT","Emissions totals","356","India","724413","Emissions (CO2eq) from CH4 (AR5)","6821","Energy","2019","2019","3050","FAO TIER 1","kt","119819.8288","E","Estimated value",""
"GT","Emissions totals","356","India","724313","Emissions (CO2eq) from N2O (AR5)","6821","Energy","2019","2019","3050","FAO TIER 1","kt","27605.3998","E","Estimated value",""
"GT","Emissions totals","356","India","723113","Emissions (CO2eq) (AR5)","6821","Energy","2019","2019","3050","FAO TIER 1","kt","2692142.4286","E","Estimated value",""
"GT","Emissions totals","356","India","7273","Emissions (CO2)","6821","Energy","2020","2020","3050","FAO TIER 1","kt","2290564.5","E","Estimated value",""
"GT","Emissions totals","356","India","724413","Emissions (CO2eq) from CH4 (AR5)","6821","Energy","2020","2020","3050","FAO TIER 1","kt","115116.0528","E","Estimated value",""
"GT","Emissions totals","356","India","724313","Emissions (CO2eq) from N2O (AR5)","6821","Energy","2020","2020","3050","FAO TIER 1","kt","24795.0109","E","Estimated value",""
"GT","Emissions totals","356","India","723113","Emissions (CO2eq) (AR5)","6821","Energy","2020","2020","3050","FAO TIER 1","kt","2430475.5637","E","Estimated value",""
"GT","Emissions totals","356","India","7273","Emissions (CO2)","6821","Energy","2021","2021","3050","FAO TIER 1","kt","2521855.7","E","Estimated value",""
"GT","Emissions totals","356","India","724413","Emissions (CO2eq) from CH4 (AR5)","6821","Energy","2021","2021","3050","FAO TIER 1","kt","126486.2256","E","Estimated value",""
"GT","Emissions totals","356","India","724313","Emissions (CO2eq) from N2O (AR5)","6821","Energy","2021","2021","3050","FAO TIER 1","kt","25827.5644","E","Estimated value",""
"GT","Emissions totals","356","India","723113","Emissions (CO2eq) (AR5)","6821","Energy","2021","2021","3050","FAO TIER 1","kt","2674169.49","E","Estimated value",""
"GT","Emissions totals","356","India","7273","Emissions (CO2)","6821","Energy","2022","2022","3050","FAO TIER 1","kt","2650089.8","E","Estimated value",""
"GT","Emissions totals","356","India","724413","Emissions (CO2eq) from CH4 (AR5)","6821","Energy","2022","2022","3050","FAO TIER 1","kt","133870.8336","E","Estimated value",""
"GT","Emissions totals","356","India","724313","Emissions (CO2eq) from N2O (AR5)","6821","Energy","2022","2022","3050","FAO TIER 1","kt","27047.1375","E","Estimated value",""
"GT","Emissions totals","356","India","723113","Emissions (CO2eq) (AR5)","6821","Energy","2022","2022","3050","FAO TIER 1","kt","2811007.7711","E","Estimated value",""
"GT","Emissions totals","356","India","7273","Emissions (CO2)","6817","IPPU","2018","2018","3050","FAO TIER 1","kt","205898.07","E","Estimated value",""
"GT","Emissions totals","356","India","717815","Emissions (CO2eq) from F-gases (AR5)","6817","IPPU","2018","2018","3050","FAO TIER 1","kt","51407.784","E","Estimated value",""
"GT","Emissions totals","356","India","724413","Emissions (CO2eq) from CH4 (AR5)","6817","IPPU","2018","2018","3050","FAO TIER 1","kt","5366.6469","E","Estimated value",""
"GT","Emissions totals","356","India","724313","Emissions (CO2eq) from N2O (AR5)","6817","IPPU","2018","2018","3050","FAO TIER 1","kt","335.6838","E","Estimated value",""
"GT","Emissions totals","356","India","723113","Emissions (CO2eq) (AR5)","6817","IPPU","2018","2018","3050","FAO TIER 1","kt","263008.1847","E","Estimated value",""
"GT","Emissions totals","356","India","7273","Emissions (CO2)","6817","IPPU","2019","2019","3050","FAO TIER 1","kt","210655.19","E","Estimated value",""
"GT","Emissions totals","356","India","717815","Emissions (CO2eq) from F-gases (AR5)","6817","IPPU","2019","2019","3050","FAO TIER 1","kt","54883.947","E","Estimated value",""
"GT","Emissions totals","356","India","724413","Emissions (CO2eq) from CH4 (AR5)","6817","IPPU","2019","2019","3050","FAO TIER 1","kt","5607.7062","E","Estimated value",""
"GT","Emissions totals","356","India","724313","Emissions (CO2eq) from N2O (AR5)","6817","IPPU","2019","2019","3050","FAO TIER 1","kt","349.6167","E","Estimated value",""
"GT","Emissions totals","356","India","723113","Emissions (CO2eq) (AR5)","6817","IPPU","2019","2019","3050","FAO TIER 1","kt","271496.4598","E","Estimated value",""
"GT","Emissions totals","356","India","7273","Emissions (CO2)","6817","IPPU","2020","2020","3050","FAO TIER 1","kt","188144.07","E","Estimated value",""
"GT","Emissions totals","356","India","717815","Emissions (CO2eq) from F-gases (AR5)","6817","IPPU","2020","2020","3050","FAO TIER 1","kt","58346.28","E","Estimated value",""
"GT","Emissions totals","356","India","724413","Emissions (CO2eq) from CH4 (AR5)","6817","IPPU","2020","2020","3050","FAO TIER 1","kt","5770.6687","E","Estimated value",""
"GT","Emissions totals","356","India","724313","Emissions (CO2eq) from N2O (AR5)","6817","IPPU","2020","2020","3050","FAO TIER 1","kt","353.3025","E","Estimated value",""
"GT","Emissions totals","356","India","723113","Emissions (CO2eq) (AR5)","6817","IPPU","2020","2020","3050","FAO TIER 1","kt","252614.3212","E","Estimated value",""
"GT","Emissions totals","356","India","7273","Emissions (CO2)","6817","IPPU","2021","2021","3050","FAO TIER 1","kt","217131.64","E","Estimated value",""
"GT","Emissions totals","356","India","717815","Emissions (CO2eq) from F-gases (AR5)","6817","IPPU","2021","2021","3050","FAO TIER 1","kt","62042.966","E","Estimated value",""
"GT","Emissions totals","356","India","724413","Emissions (CO2eq) from CH4 (AR5)","6817","IPPU","2021","2021","3050","FAO TIER 1","kt","6006.6233","E","Estimated value",""
"GT","Emissions totals","356","India","724313","Emissions (CO2eq) from N2O (AR5)","6817","IPPU","2021","2021","3050","FAO TIER 1","kt","363.5923","E","Estimated value",""
"GT","Emissions totals","356","India","723113","Emissions (CO2eq) (AR5)","6817","IPPU","2021","2021","3050","FAO TIER 1","kt","285544.8216","E","Estimated value",""
"GT","Emissions totals","356","India","7273","Emissions (CO2)","6817","IPPU","2022","2022","3050","FAO TIER 1","kt","234738.91","E","Estimated value",""
"GT","Emissions totals","356","India","717815","Emissions (CO2eq) from F-gases (AR5)","6817","IPPU","2022","2022","3050","FAO TIER 1","kt","65397.564","E","Estimated value",""
"GT","Emissions totals","356","India","724413","Emissions (CO2eq) from CH4 (AR5)","6817","IPPU","2022","2022","3050","FAO TIER 1","kt","6241.6393","E","Estimated value",""
"GT","Emissions totals","356","India","724313","Emissions (CO2eq) from N2O (AR5)","6817","IPPU","2022","2022","3050","FAO TIER 1","kt","384.5926","E","Estimated value",""
"GT","Emissions totals","356","India","723113","Emissions (CO2eq) (AR5)","6817","IPPU","2022","2022","3050","FAO TIER 1","kt","306762.7059","E","Estimated value",""
"GT","Emissions totals","356","India","724413","Emissions (CO2eq) from CH4 (AR5)","6818","Waste","2018","2018","3050","FAO TIER 1","kt","196647.8192","E","Estimated value",""
"GT","Emissions totals","356","India","724313","Emissions (CO2eq) from N2O (AR5)","6818","Waste","2018","2018","3050","FAO TIER 1","kt","15523.1962","E","Estimated value",""
"GT","Emissions totals","356","India","723113","Emissions (CO2eq) (AR5)","6818","Waste","2018","2018","3050","FAO TIER 1","kt","212171.0154","E","Estimated value",""
"GT","Emissions totals","356","India","724413","Emissions (CO2eq) from CH4 (AR5)","6818","Waste","2019","2019","3050","FAO TIER 1","kt","199184.0172","E","Estimated value",""
"GT","Emissions totals","356","India","724313","Emissions (CO2eq) from N2O (AR5)","6818","Waste","2019","2019","3050","FAO TIER 1","kt","15841.17","E","Estimated value",""
"GT","Emissions totals","356","India","723113","Emissions (CO2eq) (AR5)","6818","Waste","2019","2019","3050","FAO TIER 1","kt","215025.1872","E","Estimated value",""
"GT","Emissions totals","356","India","724413","Emissions (CO2eq) from CH4 (AR5)","6818","Waste","2020","2020","3050","FAO TIER 1","kt","201556.9528","E","Estimated value",""
"GT","Emissions totals","356","India","724313","Emissions (CO2eq) from N2O (AR5)","6818","Waste","2020","2020","3050","FAO TIER 1","kt","16020.9116","E","Estimated value",""
"GT","Emissions totals","356","India","723113","Emissions (CO2eq) (AR5)","6818","Waste","2020","2020","3050","FAO TIER 1","kt","217577.8643","E","Estimated value",""
"GT","Emissions totals","356","India","724413","Emissions (CO2eq) from CH4 (AR5)","6818","Waste","2021","2021","3050","FAO TIER 1","kt","204679.6136","E","Estimated value",""
"GT","Emissions totals","356","India","724313","Emissions (CO2eq) from N2O (AR5)","6818","Waste","2021","2021","3050","FAO TIER 1","kt","16344.5224","E","Estimated value",""
"GT","Emissions totals","356","India","723113","Emissions (CO2eq) (AR5)","6818","Waste","2021","2021","3050","FAO TIER 1","kt","221024.136","E","Estimated value",""
"GT","Emissions totals","356","India","724413","Emissions (CO2eq) from CH4 (AR5)","6818","Waste","2022","2022","3050","FAO TIER 1","kt","208270.79","E","Estimated value",""
"GT","Emissions totals","356","India","724313","Emissions (CO2eq) from N2O (AR5)","6818","Waste","2022","2022","3050","FAO TIER 1","kt","16674.675","E","Estimated value",""
"GT","Emissions totals","356","India","723113","Emissions (CO2eq) (AR5)","6818","Waste","2022","2022","3050","FAO TIER 1","kt","224945.465","E","Estimated value",""
"GT","Emissions totals","356","India","7273","Emissions (CO2)","6819","Other","2018","2018","3050","FAO TIER 1","kt","14190","E","Estimated value",""
"GT","Emissions totals","356","India","724413","Emissions (CO2eq) from CH4 (AR5)","6819","Other","2018","2018","3050","FAO TIER 1","kt","1260","E","Estimated value",""
"GT","Emissions totals","356","India","724313","Emissions (CO2eq) from N2O (AR5)","6819","Other","2018","2018","3050","FAO TIER 1","kt","15430.4968","E","Estimated value",""
"GT","Emissions totals","356","India","723113","Emissions (CO2eq) (AR5)","6819","Other","2018","2018","3050","FAO TIER 1","kt","30880.4968","E","Estimated value",""
"GT","Emissions totals","356","India","7273","Emissions (CO2)","6819","Other","2019","2019","3050","FAO TIER 1","kt","14190","E","Estimated value",""
"GT","Emissions totals","356","India","724413","Emissions (CO2eq) from CH4 (AR5)","6819","Other","2019","2019","3050","FAO TIER 1","kt","1260","E","Estimated value",""
"GT","Emissions totals","356","India","724313","Emissions (CO2eq) from N2O (AR5)","6819","Other","2019","2019","3050","FAO TIER 1","kt","14926.9075","E","Estimated value",""
"GT","Emissions totals","356","India","723113","Emissions (CO2eq) (AR5)","6819","Other","2019","2019","3050","FAO TIER 1","kt","30376.9075","E","Estimated value",""
"GT","Emissions totals","356","India","7273","Emissions (CO2)","6819","Other","2020","2020","3050","FAO TIER 1","kt","14190","E","Estimated value",""
"GT","Emissions totals","356","India","724413","Emissions (CO2eq) from CH4 (AR5)","6819","Other","2020","2020","3050","FAO TIER 1","kt","1260","E","Estimated value",""
"GT","Emissions totals","356","India","724313","Emissions (CO2eq) from N2O (AR5)","6819","Other","2020","2020","3050","FAO TIER 1","kt","13971.4076","E","Estimated value",""
"GT","Emissions totals","356","India","723113","Emissions (CO2eq) (AR5)","6819","Other","2020","2020","3050","FAO TIER 1","kt","29421.4076","E","Estimated value",""
"GT","Emissions totals","356","India","7273","Emissions (CO2)","6819","Other","2021","2021","3050","FAO TIER 1","kt","14190","E","Estimated value",""
"GT","Emissions totals","356","India","724413","Emissions (CO2eq) from CH4 (AR5)","6819","Other","2021","2021","3050","FAO TIER 1","kt","1260","E","Estimated value",""
"GT","Emissions totals","356","India","724313","Emissions (CO2eq) from N2O (AR5)","6819","Other","2021","2021","3050","FAO TIER 1","kt","15241.3229","E","Estimated value",""
"GT","Emissions totals","356","India","723113","Emissions (CO2eq) (AR5)","6819","Other","2021","2021","3050","FAO TIER 1","kt","30691.3229","E","Estimated value",""
"GT","Emissions totals","356","India","7273","Emissions (CO2)","6819","Other","2022","2022","3050","FAO TIER 1","kt","14190","E","Estimated value",""
"GT","Emissions totals","356","India","724413","Emissions (CO2eq) from CH4 (AR5)","6819","Other","2022","2022","3050","FAO TIER 1","kt","1260","E","Estimated value",""
"GT","Emissions totals","356","India","724313","Emissions (CO2eq) from N2O (AR5)","6819","Other","2022","2022","3050","FAO TIER 1","kt","15646.072","E","Estimated value",""
"GT","Emissions totals","356","India","723113","Emissions (CO2eq) (AR5)","6819","Other","2022","2022","3050","FAO TIER 1","kt","31096.072","E","Estimated value",""
